-- inserts.sql
-- Seed data generated via a short Python script (included as generate_data.py)

-- Users
INSERT INTO users (id, name, signup_date, city, state) VALUES
  (1, 'Nikhil Kapoor', '2023-04-05', 'Mumbai', 'Maharashtra'),
  (2, 'Rohan Nair', '2023-01-18', 'Chennai', 'Tamil Nadu'),
  (3, 'Mansi Kapoor', '2023-04-05', 'Lucknow', 'Uttar Pradesh'),
  (4, 'Suresh Bose', '2023-03-17', 'Bengaluru', 'Karnataka'),
  (5, 'Meera Verma', '2023-01-12', 'Mumbai', 'Maharashtra'),
  (6, 'Vikram Nair', '2023-03-19', 'Jaipur', 'Rajasthan'),
  (7, 'Amit Bose', '2023-04-02', 'Chennai', 'Tamil Nadu'),
  (8, 'Nikhil Bose', '2023-01-29', 'Kolkata', 'West Bengal'),
  (9, 'Ritika Agarwal', '2023-04-14', 'Pune', 'Maharashtra'),
  (10, 'Mahima Sharma', '2023-03-31', 'Hyderabad', 'Telangana'),
  (11, 'Meera Iyer', '2023-01-20', 'Pune', 'Maharashtra'),
  (12, 'Vikram Iyer', '2023-01-12', 'Bengaluru', 'Karnataka'),
  (13, 'Sanjay Kapoor', '2023-04-19', 'Delhi', 'Delhi'),
  (14, 'Aisha Kulkarni', '2023-04-14', 'Pune', 'Maharashtra'),
  (15, 'Priya Jain', '2023-01-16', 'Jaipur', 'Rajasthan'),
  (16, 'Divya Pandey', '2023-03-12', 'Bengaluru', 'Karnataka'),
  (17, 'Isha Kulkarni', '2023-03-15', 'Delhi', 'Delhi'),
  (18, 'Vikram Singh', '2023-03-26', 'Mumbai', 'Maharashtra'),
  (19, 'Ananya Reddy', '2023-04-20', 'Bengaluru', 'Karnataka'),
  (20, 'Ananya Kapoor', '2023-02-05', 'Kolkata', 'West Bengal'),
  (21, 'Ritika Das', '2023-02-17', 'Hyderabad', 'Telangana'),
  (22, 'Aisha Rao', '2023-02-04', 'Lucknow', 'Uttar Pradesh'),
  (23, 'Kunal Singh', '2023-03-23', 'Kochi', 'Kerala'),
  (24, 'Simran Bose', '2023-02-01', 'Bhubaneswar', 'Odisha'),
  (25, 'Simran Jain', '2023-02-04', 'Kolkata', 'West Bengal'),
  (26, 'Divya Bose', '2023-03-29', 'Chennai', 'Tamil Nadu'),
  (27, 'Karthik Verma', '2023-04-16', 'Chennai', 'Tamil Nadu'),
  (28, 'Priya Iyer', '2023-02-04', 'Kolkata', 'West Bengal'),
  (29, 'Rahul Rao', '2023-04-23', 'Kochi', 'Kerala'),
  (30, 'Kunal Iyer', '2023-03-25', 'Chennai', 'Tamil Nadu'),
  (31, 'Harsh Pandey', '2023-02-28', 'Lucknow', 'Uttar Pradesh'),
  (32, 'Arjun Patel', '2023-02-01', 'Hyderabad', 'Telangana'),
  (33, 'Mansi Bose', '2023-02-03', 'Jaipur', 'Rajasthan'),
  (34, 'Mansi Agarwal', '2023-04-25', 'Kolkata', 'West Bengal'),
  (35, 'Varun Pandey', '2023-01-29', 'Delhi', 'Delhi'),
  (36, 'Arjun Khanna', '2023-01-12', 'Ahmedabad', 'Gujarat'),
  (37, 'Ankit Verma', '2023-01-20', 'Bengaluru', 'Karnataka'),
  (38, 'Nikhil Kaur', '2023-02-24', 'Lucknow', 'Uttar Pradesh'),
  (39, 'Sneha Singh', '2023-02-18', 'Kolkata', 'West Bengal'),
  (40, 'Sneha Jain', '2023-02-02', 'Jaipur', 'Rajasthan');


-- Merchants
INSERT INTO merchants (id, name, category, city) VALUES
  (1, 'Flipkart', 'E-commerce', 'Bengaluru'),
  (2, 'Amazon', 'E-commerce', 'Hyderabad'),
  (3, 'Swiggy', 'Food Delivery', 'Bengaluru'),
  (4, 'Zomato', 'Food Delivery', 'Delhi'),
  (5, 'Big Bazaar', 'Retail', 'Mumbai'),
  (6, 'DMart', 'Retail', 'Pune'),
  (7, 'IRCTC', 'Travel', 'Delhi'),
  (8, 'MakeMyTrip', 'Travel', 'Gurugram'),
  (9, 'BSNL', 'Utilities', 'Chennai'),
  (10, 'Tata Sky', 'Utilities', 'Mumbai'),
  (11, 'Jio Recharge', 'Mobile Recharge', 'Mumbai'),
  (12, 'Airtel Recharge', 'Mobile Recharge', 'Gurugram');


-- Transactions
INSERT INTO transactions (id, user_id, merchant_id, amount, payment_method, txn_date) VALUES
  (1, 20, 9, '650.00', 'UPI', '2023-06-09'),
  (2, 34, 10, '2660.00', 'UPI', '2023-05-07'),
  (3, 18, 10, '2480.00', 'Wallet', '2023-05-22'),
  (4, 35, 3, '700.00', 'UPI', '2023-09-18'),
  (5, 17, 9, '1320.00', 'Card', '2023-06-21'),
  (6, 35, 8, '4240.00', 'UPI', '2023-06-28'),
  (7, 15, 1, '4570.00', 'UPI', '2023-05-16'),
  (8, 18, 5, '2950.00', 'UPI', '2023-06-24'),
  (9, 37, 4, '250.00', 'Card', '2023-08-13'),
  (10, 28, 8, '6890.00', 'Card', '2023-05-14'),
  (11, 22, 2, '1130.00', 'UPI', '2023-06-18'),
  (12, 18, 2, '5000.00', 'UPI', '2023-09-21'),
  (13, 1, 4, '1060.00', 'UPI', '2023-09-02'),
  (14, 1, 7, '4970.00', 'UPI', '2023-08-25'),
  (15, 36, 8, '690.00', 'UPI', '2023-07-15'),
  (16, 22, 1, '4340.00', 'UPI', '2023-08-31'),
  (17, 35, 2, '3540.00', 'Card', '2023-05-18'),
  (18, 38, 4, '590.00', 'UPI', '2023-05-11'),
  (19, 38, 6, '1390.00', 'Wallet', '2023-06-22'),
  (20, 21, 8, '6990.00', 'UPI', '2023-05-22'),
  (21, 17, 9, '2660.00', 'UPI', '2023-07-29'),
  (22, 31, 9, '1040.00', 'Card', '2023-09-16'),
  (23, 7, 3, '310.00', 'UPI', '2023-05-28'),
  (24, 19, 12, '290.00', 'UPI', '2023-07-07'),
  (25, 28, 5, '2620.00', 'UPI', '2023-07-25'),
  (26, 31, 9, '2850.00', 'Card', '2023-09-22'),
  (27, 24, 10, '1220.00', 'UPI', '2023-08-21'),
  (28, 3, 4, '740.00', 'Card', '2023-05-27'),
  (29, 27, 12, '980.00', 'UPI', '2023-06-30'),
  (30, 12, 1, '2350.00', 'UPI', '2023-07-25'),
  (31, 8, 7, '5770.00', 'Card', '2023-08-29'),
  (32, 18, 4, '440.00', 'UPI', '2023-06-19'),
  (33, 5, 5, '3930.00', 'UPI', '2023-09-08'),
  (34, 1, 2, '4830.00', 'Card', '2023-07-06'),
  (35, 39, 7, '6890.00', 'UPI', '2023-07-20'),
  (36, 38, 4, '870.00', 'UPI', '2023-08-23'),
  (37, 6, 11, '170.00', 'Wallet', '2023-07-20'),
  (38, 28, 6, '930.00', 'UPI', '2023-07-15'),
  (39, 25, 3, '1030.00', 'UPI', '2023-07-17'),
  (40, 28, 10, '1440.00', 'UPI', '2023-07-22'),
  (41, 15, 11, '640.00', 'UPI', '2023-09-09'),
  (42, 6, 4, '300.00', 'UPI', '2023-06-27'),
  (43, 32, 10, '2680.00', 'Card', '2023-05-19'),
  (44, 25, 8, '340.00', 'UPI', '2023-06-07'),
  (45, 7, 4, '740.00', 'UPI', '2023-09-10'),
  (46, 31, 11, '950.00', 'UPI', '2023-09-21'),
  (47, 29, 12, '570.00', 'Wallet', '2023-08-18'),
  (48, 11, 8, '2160.00', 'UPI', '2023-07-03'),
  (49, 18, 5, '1480.00', 'UPI', '2023-07-13'),
  (50, 9, 4, '220.00', 'UPI', '2023-06-09'),
  (51, 31, 7, '5460.00', 'UPI', '2023-08-16'),
  (52, 2, 10, '1040.00', 'UPI', '2023-05-02'),
  (53, 25, 7, '6320.00', 'UPI', '2023-09-17'),
  (54, 28, 8, '5650.00', 'UPI', '2023-07-26'),
  (55, 11, 3, '770.00', 'Wallet', '2023-09-16'),
  (56, 28, 3, '490.00', 'Card', '2023-06-18'),
  (57, 25, 5, '510.00', 'Card', '2023-08-16'),
  (58, 2, 1, '810.00', 'Wallet', '2023-07-29'),
  (59, 3, 4, '400.00', 'UPI', '2023-05-06'),
  (60, 31, 10, '2350.00', 'Wallet', '2023-08-28'),
  (61, 11, 12, '150.00', 'Card', '2023-06-11'),
  (62, 2, 10, '2200.00', 'UPI', '2023-08-05'),
  (63, 5, 11, '620.00', 'UPI', '2023-07-17'),
  (64, 8, 10, '2050.00', 'Card', '2023-07-28'),
  (65, 22, 1, '3360.00', 'Card', '2023-09-05'),
  (66, 30, 7, '2110.00', 'UPI', '2023-09-11'),
  (67, 35, 8, '6010.00', 'UPI', '2023-09-29'),
  (68, 31, 4, '550.00', 'Card', '2023-09-23'),
  (69, 22, 3, '510.00', 'UPI', '2023-07-30'),
  (70, 39, 5, '530.00', 'UPI', '2023-09-10'),
  (71, 18, 12, '70.00', 'UPI', '2023-09-03'),
  (72, 18, 5, '2220.00', 'UPI', '2023-08-03'),
  (73, 28, 9, '900.00', 'UPI', '2023-08-25'),
  (74, 8, 6, '2820.00', 'UPI', '2023-09-15'),
  (75, 32, 5, '3930.00', 'Card', '2023-09-12'),
  (76, 24, 3, '1170.00', 'UPI', '2023-09-15'),
  (77, 9, 11, '600.00', 'Card', '2023-09-04'),
  (78, 22, 3, '650.00', 'Wallet', '2023-07-04'),
  (79, 6, 10, '2470.00', 'UPI', '2023-05-14'),
  (80, 18, 2, '4060.00', 'UPI', '2023-08-15'),
  (81, 15, 7, '4240.00', 'UPI', '2023-08-22'),
  (82, 39, 1, '1440.00', 'UPI', '2023-05-26'),
  (83, 6, 3, '580.00', 'UPI', '2023-09-20'),
  (84, 4, 4, '630.00', 'UPI', '2023-07-12'),
  (85, 15, 11, '570.00', 'UPI', '2023-06-20'),
  (86, 10, 3, '770.00', 'UPI', '2023-06-12'),
  (87, 37, 8, '6620.00', 'UPI', '2023-07-17'),
  (88, 31, 2, '3220.00', 'UPI', '2023-08-19'),
  (89, 38, 10, '2340.00', 'Wallet', '2023-07-08'),
  (90, 31, 5, '3290.00', 'UPI', '2023-09-27'),
  (91, 28, 6, '1450.00', 'UPI', '2023-05-27'),
  (92, 25, 9, '1110.00', 'UPI', '2023-05-23'),
  (93, 26, 1, '740.00', 'UPI', '2023-09-16'),
  (94, 32, 11, '570.00', 'UPI', '2023-05-14'),
  (95, 32, 2, '1900.00', 'UPI', '2023-07-01'),
  (96, 1, 2, '1030.00', 'UPI', '2023-05-30'),
  (97, 21, 9, '2940.00', 'Card', '2023-08-15'),
  (98, 9, 7, '1210.00', 'UPI', '2023-09-08'),
  (99, 28, 6, '210.00', 'Wallet', '2023-09-07'),
  (100, 20, 10, '1450.00', 'Wallet', '2023-09-03');

INSERT INTO transactions (id, user_id, merchant_id, amount, payment_method, txn_date) VALUES
  (101, 36, 9, '2950.00', 'UPI', '2023-07-22'),
  (102, 16, 4, '650.00', 'Card', '2023-08-17'),
  (103, 9, 8, '4250.00', 'Wallet', '2023-06-02'),
  (104, 7, 8, '3050.00', 'UPI', '2023-08-26'),
  (105, 19, 6, '3440.00', 'UPI', '2023-08-10'),
  (106, 22, 11, '80.00', 'Card', '2023-09-02'),
  (107, 21, 4, '950.00', 'Card', '2023-08-20'),
  (108, 21, 1, '2190.00', 'UPI', '2023-05-15'),
  (109, 28, 10, '420.00', 'Card', '2023-06-16'),
  (110, 25, 4, '820.00', 'UPI', '2023-09-28'),
  (111, 1, 8, '3260.00', 'Wallet', '2023-09-17'),
  (112, 23, 5, '1940.00', 'UPI', '2023-08-17'),
  (113, 25, 8, '4150.00', 'UPI', '2023-08-06'),
  (114, 25, 5, '3030.00', 'UPI', '2023-05-13'),
  (115, 19, 4, '350.00', 'UPI', '2023-07-30'),
  (116, 17, 12, '910.00', 'Card', '2023-06-05'),
  (117, 31, 1, '1970.00', 'UPI', '2023-06-05'),
  (118, 9, 9, '2760.00', 'Card', '2023-08-02'),
  (119, 32, 5, '1980.00', 'Card', '2023-07-26'),
  (120, 18, 11, '810.00', 'Card', '2023-08-10'),
  (121, 25, 1, '3530.00', 'UPI', '2023-06-01'),
  (122, 17, 11, '500.00', 'Wallet', '2023-05-28'),
  (123, 40, 9, '1980.00', 'UPI', '2023-06-26'),
  (124, 30, 5, '1360.00', 'UPI', '2023-05-28'),
  (125, 18, 9, '2860.00', 'UPI', '2023-08-25'),
  (126, 9, 7, '6590.00', 'UPI', '2023-09-03'),
  (127, 24, 4, '250.00', 'UPI', '2023-06-30'),
  (128, 24, 1, '4770.00', 'UPI', '2023-06-18'),
  (129, 17, 11, '280.00', 'UPI', '2023-05-08'),
  (130, 9, 4, '380.00', 'UPI', '2023-09-19'),
  (131, 9, 10, '1710.00', 'UPI', '2023-06-07'),
  (132, 1, 3, '170.00', 'UPI', '2023-06-30'),
  (133, 28, 9, '2380.00', 'UPI', '2023-05-17'),
  (134, 33, 8, '6390.00', 'UPI', '2023-05-12'),
  (135, 1, 1, '990.00', 'Wallet', '2023-08-11'),
  (136, 6, 6, '2610.00', 'UPI', '2023-05-20'),
  (137, 36, 7, '3690.00', 'Wallet', '2023-09-13'),
  (138, 8, 11, '250.00', 'UPI', '2023-09-19'),
  (139, 29, 7, '5190.00', 'UPI', '2023-08-25'),
  (140, 19, 6, '550.00', 'Wallet', '2023-08-28'),
  (141, 7, 6, '2330.00', 'Card', '2023-09-23'),
  (142, 28, 12, '380.00', 'UPI', '2023-07-13'),
  (143, 9, 11, '580.00', 'UPI', '2023-05-28'),
  (144, 8, 10, '2930.00', 'UPI', '2023-08-18'),
  (145, 40, 11, '720.00', 'UPI', '2023-07-10'),
  (146, 20, 6, '1720.00', 'UPI', '2023-06-06'),
  (147, 10, 1, '2390.00', 'UPI', '2023-09-13'),
  (148, 21, 12, '890.00', 'UPI', '2023-09-23'),
  (149, 39, 1, '2410.00', 'UPI', '2023-07-09'),
  (150, 19, 4, '270.00', 'Card', '2023-05-30'),
  (151, 21, 1, '4750.00', 'UPI', '2023-05-17'),
  (152, 9, 5, '1840.00', 'UPI', '2023-05-02'),
  (153, 18, 9, '320.00', 'UPI', '2023-07-28'),
  (154, 6, 6, '2630.00', 'UPI', '2023-09-24'),
  (155, 1, 6, '3700.00', 'UPI', '2023-08-26'),
  (156, 8, 4, '570.00', 'UPI', '2023-08-11'),
  (157, 20, 4, '270.00', 'UPI', '2023-06-16'),
  (158, 24, 6, '760.00', 'Card', '2023-06-07'),
  (159, 9, 11, '590.00', 'UPI', '2023-09-04'),
  (160, 38, 11, '650.00', 'UPI', '2023-07-22'),
  (161, 32, 8, '2660.00', 'UPI', '2023-07-10'),
  (162, 31, 1, '3270.00', 'UPI', '2023-07-14'),
  (163, 38, 9, '2470.00', 'Wallet', '2023-05-11'),
  (164, 32, 9, '2470.00', 'UPI', '2023-05-16'),
  (165, 22, 2, '2470.00', 'UPI', '2023-06-17'),
  (166, 39, 3, '960.00', 'UPI', '2023-07-12'),
  (167, 22, 2, '1780.00', 'UPI', '2023-09-20'),
  (168, 39, 6, '1380.00', 'UPI', '2023-06-06'),
  (169, 6, 5, '2750.00', 'UPI', '2023-07-24'),
  (170, 28, 9, '2860.00', 'UPI', '2023-08-01'),
  (171, 22, 8, '2280.00', 'UPI', '2023-06-05'),
  (172, 36, 12, '880.00', 'Wallet', '2023-05-10'),
  (173, 25, 3, '200.00', 'UPI', '2023-06-12'),
  (174, 24, 4, '970.00', 'Wallet', '2023-07-12'),
  (175, 21, 8, '6650.00', 'Wallet', '2023-06-19'),
  (176, 21, 7, '5770.00', 'UPI', '2023-08-16'),
  (177, 19, 1, '960.00', 'UPI', '2023-08-04'),
  (178, 34, 5, '3640.00', 'UPI', '2023-06-11'),
  (179, 10, 2, '4480.00', 'Wallet', '2023-06-26'),
  (180, 25, 9, '1250.00', 'UPI', '2023-08-07'),
  (181, 8, 12, '920.00', 'UPI', '2023-06-09'),
  (182, 31, 3, '160.00', 'Card', '2023-08-29'),
  (183, 17, 3, '960.00', 'UPI', '2023-09-13'),
  (184, 4, 4, '780.00', 'UPI', '2023-08-28'),
  (185, 2, 10, '200.00', 'UPI', '2023-06-06'),
  (186, 28, 3, '530.00', 'UPI', '2023-05-22'),
  (187, 35, 9, '2950.00', 'UPI', '2023-08-28'),
  (188, 17, 6, '2700.00', 'Card', '2023-07-28'),
  (189, 7, 12, '370.00', 'Card', '2023-06-07'),
  (190, 12, 11, '820.00', 'UPI', '2023-08-31'),
  (191, 5, 8, '6230.00', 'UPI', '2023-06-22'),
  (192, 21, 9, '300.00', 'UPI', '2023-09-17'),
  (193, 4, 11, '470.00', 'UPI', '2023-06-01'),
  (194, 26, 7, '3630.00', 'UPI', '2023-06-17'),
  (195, 6, 12, '830.00', 'UPI', '2023-08-19'),
  (196, 8, 2, '3210.00', 'UPI', '2023-07-15'),
  (197, 31, 6, '1850.00', 'UPI', '2023-07-30'),
  (198, 25, 6, '740.00', 'UPI', '2023-06-10'),
  (199, 39, 8, '4620.00', 'UPI', '2023-05-18'),
  (200, 38, 1, '2170.00', 'UPI', '2023-08-24');

INSERT INTO transactions (id, user_id, merchant_id, amount, payment_method, txn_date) VALUES
  (201, 5, 9, '900.00', 'UPI', '2023-07-20'),
  (202, 15, 8, '5020.00', 'UPI', '2023-09-23'),
  (203, 14, 5, '720.00', 'Card', '2023-09-03'),
  (204, 31, 2, '3690.00', 'Card', '2023-07-21'),
  (205, 21, 3, '680.00', 'Card', '2023-06-14'),
  (206, 8, 3, '750.00', 'UPI', '2023-09-07'),
  (207, 30, 9, '3000.00', 'UPI', '2023-05-25'),
  (208, 28, 10, '1460.00', 'UPI', '2023-07-21'),
  (209, 36, 11, '920.00', 'UPI', '2023-06-03'),
  (210, 4, 9, '2820.00', 'UPI', '2023-06-12'),
  (211, 35, 5, '3830.00', 'Card', '2023-07-04'),
  (212, 21, 10, '1860.00', 'UPI', '2023-09-06'),
  (213, 39, 12, '590.00', 'Wallet', '2023-07-26'),
  (214, 38, 5, '2630.00', 'UPI', '2023-09-24'),
  (215, 32, 9, '2450.00', 'UPI', '2023-07-17'),
  (216, 6, 12, '490.00', 'UPI', '2023-08-21'),
  (217, 22, 6, '3470.00', 'Card', '2023-07-21'),
  (218, 24, 9, '540.00', 'UPI', '2023-07-21'),
  (219, 8, 1, '2380.00', 'UPI', '2023-08-07'),
  (220, 11, 10, '1600.00', 'Card', '2023-06-18'),
  (221, 21, 8, '6780.00', 'UPI', '2023-08-09'),
  (222, 14, 1, '4290.00', 'UPI', '2023-09-04'),
  (223, 1, 2, '3940.00', 'UPI', '2023-07-07'),
  (224, 4, 10, '410.00', 'UPI', '2023-08-01'),
  (225, 36, 5, '1700.00', 'Card', '2023-05-28'),
  (226, 22, 6, '1730.00', 'Card', '2023-06-20'),
  (227, 9, 12, '190.00', 'UPI', '2023-08-30'),
  (228, 39, 6, '2130.00', 'UPI', '2023-07-16'),
  (229, 38, 5, '2760.00', 'UPI', '2023-05-05'),
  (230, 27, 12, '300.00', 'Card', '2023-05-07'),
  (231, 38, 12, '650.00', 'UPI', '2023-08-31'),
  (232, 40, 7, '1040.00', 'UPI', '2023-07-05'),
  (233, 28, 3, '960.00', 'UPI', '2023-06-22'),
  (234, 31, 12, '580.00', 'Card', '2023-06-05'),
  (235, 22, 3, '520.00', 'UPI', '2023-09-14'),
  (236, 17, 4, '390.00', 'Wallet', '2023-07-11'),
  (237, 20, 12, '380.00', 'UPI', '2023-09-03'),
  (238, 38, 11, '960.00', 'UPI', '2023-08-10'),
  (239, 21, 12, '760.00', 'UPI', '2023-08-22'),
  (240, 36, 5, '3020.00', 'Wallet', '2023-07-12'),
  (241, 35, 4, '900.00', 'UPI', '2023-05-16'),
  (242, 7, 3, '320.00', 'UPI', '2023-09-18'),
  (243, 17, 5, '540.00', 'UPI', '2023-05-16'),
  (244, 4, 3, '190.00', 'UPI', '2023-06-15'),
  (245, 26, 3, '160.00', 'Wallet', '2023-07-14'),
  (246, 37, 6, '3580.00', 'UPI', '2023-09-17'),
  (247, 9, 8, '5200.00', 'UPI', '2023-05-29'),
  (248, 17, 1, '3910.00', 'Card', '2023-07-15'),
  (249, 12, 11, '130.00', 'Wallet', '2023-08-18'),
  (250, 9, 8, '1880.00', 'UPI', '2023-07-05'),
  (251, 18, 5, '1570.00', 'UPI', '2023-09-27'),
  (252, 8, 8, '6480.00', 'UPI', '2023-08-12'),
  (253, 20, 11, '260.00', 'Wallet', '2023-07-15'),
  (254, 31, 12, '570.00', 'Wallet', '2023-08-04'),
  (255, 31, 11, '620.00', 'Card', '2023-07-03'),
  (256, 35, 12, '910.00', 'UPI', '2023-09-25'),
  (257, 13, 3, '860.00', 'UPI', '2023-09-11'),
  (258, 35, 8, '3360.00', 'Card', '2023-08-27'),
  (259, 4, 11, '830.00', 'Card', '2023-05-06'),
  (260, 14, 1, '770.00', 'UPI', '2023-05-17');